time,state,government,news,sports
1,0.9090769184241827,0.9100726752674171,0.7320082301796306,0.7554894858702033
2,0.9414705980877093,0.9339733393659462,0.9182525594165682,0.9227588953830506
3,0.8341983665465689,0.8320481063499967,0.8097175687755072,0.757868434534519
4,0.8933304136332816,0.865594793499928,0.8348429487491578,0.8016713842348291
5,0.9146043103468251,0.9156164499355299,0.8003011671455131,0.8802225901759213
6,0.8924592446087806,0.8594482730272159,0.7771599881394964,0.7838909818029602
