time,state,government,news,sports
1,0.8198415809011145,0.8217503794220351,0.4785327102244339,0.5100104984236893
2,0.8771831866511189,0.8632494947712321,0.8329063207188553,0.8410248740243778
3,0.6693793248684591,0.6647734384147689,0.6195648206754377,0.510308809697318
4,0.7874153301531271,0.7315478611406425,0.6705702199979824,0.6052398385803378
5,0.8248134686636722,0.8261990925122316,0.593364139340893,0.757163672796846
6,0.7850592229312279,0.7178294033954284,0.5584073307221749,0.5645028286553557
