time,state,government,new,sports
1,0.6425950527191162,0.671968400478363,0.604363352060318,0.9140347391366959
2,0.29342204332351685,0.3988921642303467,0.2650235891342163,0.443901002407074
3,0.6581444144248962,0.611324816942215,0.687130481004715,0.7881424576044083
4,0.40992897748947144,0.4740411639213562,0.40440165996551514,0.5889047980308533
5,0.5593351423740387,0.47015583515167236,0.4806511402130127,0.4985784888267517
6,0.6401403248310089,0.6946825385093689,0.5171706080436707,0.8531479686498642
