time,state,government,news,sports
1,0.8181538368483654,0.8201453505348342,0.46401646035926114,0.5109789717404066
2,0.8829411961754186,0.8679466787318924,0.8365051188331365,0.8455177907661012
3,0.6683967330931379,0.6640962126999933,0.6194351375510144,0.5157368690690379
4,0.7866608272665631,0.7311895869998558,0.6696858974983156,0.6033427684696583
5,0.8292086206936502,0.83123289987106,0.6006023342910263,0.7604451803518427
6,0.7849184892175611,0.718896546054432,0.5543199762789928,0.5677819636059206
