time,state,government,news,sports
1,0.8181537506646062,0.8201453868721535,0.4640164442028023,0.5109789717404066
2,0.882941236251246,0.8679468377016096,0.8365051127507275,0.8455179228501309
3,0.6683967330931379,0.6640962363779123,0.619435112770268,0.5157368690690379
4,0.7866607903832342,0.7311895869998558,0.6696859197183419,0.6033427915106715
5,0.829208594975839,0.8312328305896544,0.600602306912118,0.7604451979747442
6,0.7849185427742691,0.718896546054432,0.5543200334692889,0.5677819636059206
